City_ID,City,Lat,Lng,Max Temp,Humidity,Cloudiness,Wind Speed,Country,Date
0,petropavlovsk-kamchatsky,53.0452,158.6483,55.99,94,0,4.47,RU,1689969334
1,tiksi,71.6872,128.8694,45.37,67,22,7.9,RU,1689969334
2,edinburgh of the seven seas,-37.0676,-12.3116,53.91,61,100,16.93,SH,1689969334
3,bethel,41.3712,-73.414,84.88,67,20,12.66,US,1689969288
4,rio grande,-32.035,-52.0986,77.11,87,8,14.29,BR,1689969335
5,moranbah,-22.0016,148.0466,64.6,48,100,9.33,AU,1689969335
6,polyarnyy,69.1989,33.4478,48.02,82,100,16.62,RU,1689969335
7,port-aux-francais,-49.35,70.2167,33.19,61,100,38.97,TF,1689969336
8,santana,-0.0583,-51.1817,84.38,79,75,14.97,BR,1689969336
9,veraval,20.9,70.3667,81.68,86,100,14.67,IN,1689969336
10,anadyr,64.75,177.4833,63.1,77,20,4.47,RU,1689969336
11,pamanukan,-6.2842,107.8106,74.16,77,13,5.19,ID,1689969337
12,longyearbyen,78.2186,15.6401,44.44,81,100,13.8,SJ,1689969337
13,utrik,11.2278,169.8474,83.17,74,94,18.39,MH,1689969337
14,atafu village,-8.5421,-172.5159,83.57,73,56,11.41,TK,1689969338
15,aykhal,66.0,111.5,60.58,87,74,14.0,RU,1689969338
16,holualoa,19.6228,-155.9522,78.64,84,75,5.99,US,1689969338
17,conduaga,8.862,117.4893,78.75,89,100,11.81,PH,1689969338
18,obo,5.3998,26.4869,70.09,91,79,0.87,CF,1689969339
19,puerto natales,-51.7236,-72.4875,28.53,95,100,6.62,CL,1689969339
20,fort bragg,35.139,-79.006,95.92,44,75,12.66,US,1689969240
21,nasirabad,26.3,74.7333,86.54,67,100,5.5,IN,1689969340
22,grytviken,-54.2811,-36.5092,35.08,98,100,14.99,GS,1689969340
23,waitangi,-43.9535,-176.5597,51.82,96,100,3.0,NZ,1689969340
24,guerrero negro,27.9769,-114.0611,76.1,60,100,15.82,MX,1689969340
25,sydney,-33.8679,151.2073,47.28,73,4,12.66,AU,1689969232
26,adamstown,-25.066,-130.1015,70.16,69,50,28.63,PN,1689969341
27,stanley,54.868,-1.6985,56.28,91,98,4.07,GB,1689969341
28,talnakh,69.4865,88.3972,67.21,74,100,6.15,RU,1689969342
29,haiku-pauwela,20.9219,-156.3051,83.17,63,20,19.57,US,1689969342
30,rayevskiy,54.0658,54.9468,63.9,65,100,7.2,RU,1689969342
31,thompson,55.7435,-97.8558,68.16,68,100,9.22,CA,1689969342
32,baglung,28.2719,83.5898,72.75,92,72,1.25,NP,1689969343
33,hammerfest,70.6634,23.6821,50.45,81,0,13.8,NO,1689969343
34,college,64.8569,-147.8028,74.46,64,0,0.0,US,1689969343
35,ribeira grande,38.5167,-28.7,70.2,88,75,4.61,PT,1689969344
36,kruisfontein,-34.0033,24.7314,54.88,63,2,7.76,ZA,1689969344
37,west island,-12.1568,96.8225,76.98,78,40,12.66,CC,1689969344
38,ancud,-41.8697,-73.8203,49.62,88,100,18.05,CL,1689969344
39,madera,37.1666,-119.8343,104.86,26,1,6.35,US,1689969345
40,chibougamau,49.9168,-74.3659,62.22,88,100,4.09,CA,1689969345
41,hasaki,35.7333,140.8333,75.31,86,3,7.96,JP,1689969345
42,al kharijah,25.4514,30.5464,92.97,15,2,11.3,EG,1689969346
43,kodiak,57.79,-152.4072,56.71,82,0,5.75,US,1689969346
44,kolonia town,6.964,158.206,82.44,81,100,19.53,FM,1689969346
45,kharan,28.5833,65.4167,92.71,34,99,2.3,PK,1689969346
46,princeville,45.7668,-61.2985,79.75,80,40,12.66,CA,1689969347
47,elverum,60.8819,11.5623,53.2,85,100,2.24,NO,1689969347
48,klyuchi,52.2667,79.1667,68.11,71,97,11.83,RU,1689969347
49,gwadar,25.1216,62.3254,82.13,85,94,8.23,PK,1689969348
50,punta arenas,-53.15,-70.9167,28.11,92,100,4.09,CL,1689969348
51,nar'yan-mar,67.6713,53.087,47.73,95,86,14.65,RU,1689969348
52,la sarre,48.8002,-79.1996,73.08,37,18,12.57,CA,1689969349
53,ibresi,55.2961,47.0394,56.97,98,100,4.43,RU,1689969349
54,dudinka,69.4058,86.1778,67.62,68,100,8.77,RU,1689969349
55,kurtamysh,54.9103,64.4319,59.18,75,5,8.55,RU,1689969350
56,codrington,-38.2667,141.9667,48.79,85,100,11.52,AU,1689969350
57,aasiaat,68.7098,-52.8699,39.54,94,93,15.75,GL,1689969350
58,ballina,-28.8667,153.5667,46.78,80,1,10.22,AU,1689969351
59,ola,59.5833,151.2833,53.15,91,99,6.82,RU,1689969351
60,hermanus,-34.4187,19.2345,52.61,64,100,6.85,ZA,1689969351
61,barra do corda,-5.5,-45.25,93.2,24,2,6.2,BR,1689969352
62,matoury,4.8483,-52.3317,87.76,66,75,12.66,GF,1689969352
63,fale old settlement,-9.3852,-171.2468,83.26,74,89,10.07,TK,1689969352
64,peace river,56.2501,-117.286,80.91,38,75,4.61,CA,1689969271
65,novodzhereliyevskaya,45.7737,38.6723,70.45,82,26,6.04,RU,1689969353
66,keflavik,64.0049,-22.5624,57.11,82,75,17.27,IS,1689969353
67,yangjiang,21.85,111.9667,79.07,89,26,2.53,CN,1689969353
68,nema,57.5067,50.5011,61.75,63,100,4.85,RU,1689969354
69,blackmans bay,-43.0167,147.3167,42.53,89,11,7.14,AU,1689969354
70,porto uniao,-26.2381,-51.0783,66.25,80,0,3.36,BR,1689969170
71,ushuaia,-54.8,-68.3,29.86,64,20,17.27,AR,1689969093
72,praia da vitoria,38.7333,-27.0667,73.65,88,40,3.29,PT,1689969355
73,rikaze,29.25,88.8833,60.4,51,17,4.41,CN,1689969355
74,invercargill,-46.4,168.35,32.02,99,22,1.99,NZ,1689969355
75,hamilton,39.1834,-84.5333,81.88,59,40,10.36,US,1689969057
76,lampa,-33.2833,-70.9,61.07,67,75,6.91,CL,1689969356
77,porto novo,6.4965,2.6036,78.62,89,36,9.19,BJ,1689969356
78,humaita,-7.5061,-63.0208,97.61,23,5,3.58,BR,1689969356
79,constantia,44.1833,28.65,70.7,79,0,10.94,RO,1689969346
80,alice springs,-23.7,133.8833,36.95,93,0,0.0,AU,1689969176
81,grand falls-windsor,48.9332,-55.6649,83.5,61,77,3.0,CA,1689969357
82,iqaluit,63.7506,-68.5145,44.33,87,75,9.22,CA,1689969358
83,vilyuchinsk,52.9306,158.4028,57.47,90,51,10.25,RU,1689969358
84,paso robles,35.6266,-120.691,101.32,25,0,4.61,US,1689969111
85,georgetown,5.4112,100.3354,82.33,91,20,3.44,MY,1689969305
86,tralee,52.2704,-9.7026,56.07,95,100,9.55,IE,1689969359
87,yellowknife,62.456,-114.3525,79.32,38,75,10.36,CA,1689969359
88,jamestown,42.097,-79.2353,73.04,64,75,13.8,US,1689969359
89,nemuro,43.3236,145.575,58.53,96,44,10.65,JP,1689969359
90,whitehorse,60.7161,-135.0538,74.8,41,75,2.3,CA,1689969292
91,pisco,-13.7,-76.2167,71.65,68,0,9.22,PE,1689969360
92,saint-philippe,-21.3585,55.7679,71.19,84,59,13.51,RE,1689969360
93,dakoro,14.5106,6.765,86.34,45,100,5.84,NE,1689969360
94,wailua homesteads,22.0669,-159.378,81.03,80,100,17.27,US,1689969361
95,kzyltu,53.6364,72.3414,65.35,67,100,15.84,KZ,1689969361
96,likasi,-10.9814,26.7333,63.01,47,6,3.53,CD,1689969361
97,korem,12.5058,39.5228,59.94,74,100,7.11,ET,1689969362
98,nabire,-3.3667,135.4833,74.77,93,75,4.14,ID,1689969362
99,coronel suarez,-37.4547,-61.9334,58.68,68,100,4.38,AR,1689969362
100,gebeit,21.0667,36.3167,88.95,20,70,4.45,SD,1689969363
101,shimoda,34.6667,138.95,72.1,88,3,9.8,JP,1689969363
102,margaret river,-33.95,115.0667,52.61,76,1,2.46,AU,1689969363
103,albany,42.6001,-73.9662,80.56,75,7,6.53,US,1689969364
104,pangody,65.85,74.4859,64.8,77,77,8.01,RU,1689969364
105,luderitz,-26.6481,15.1594,57.22,57,36,5.95,NA,1689969364
106,egilsstadir,65.2653,-14.3948,51.71,82,75,9.22,IS,1689969365
107,bubaque,11.2833,-15.8333,82.08,84,98,11.99,GW,1689969365
108,port douglas,-16.4833,145.4667,68.74,80,1,4.16,AU,1689969365
109,deschutes river woods,43.9915,-121.3584,91.31,15,0,3.0,US,1689969366
110,gewane,10.1664,40.6453,81.97,55,100,6.73,ET,1689969366
111,taoudenni,22.6783,-3.9836,107.13,9,19,9.66,ML,1689969366
112,bogale,16.2833,95.4,78.58,91,100,4.59,MM,1689969367
113,uturoa,-16.7333,-151.4333,76.12,65,36,15.68,PF,1689969367
114,grand rapids,42.9634,-85.6681,82.45,54,75,5.75,US,1689969367
115,tambura,5.6,27.4667,70.79,84,96,3.06,SS,1689969368
116,kangding,30.0513,101.9603,54.66,77,98,5.1,CN,1689969368
117,chonchi,-42.6128,-73.8092,49.21,93,100,6.64,CL,1689969368
118,papatowai,-46.5619,169.4708,41.32,76,5,13.0,NZ,1689969369
119,bredasdorp,-34.5322,20.0403,46.18,67,93,3.62,ZA,1689969369
120,ranchettes,41.2186,-104.7903,76.51,39,0,6.91,US,1689969369
121,prainha,-1.8,-53.48,88.09,47,63,5.21,BR,1689969370
122,neryungri,56.6709,124.6491,51.67,92,67,2.15,RU,1689969370
123,lamu,-2.2717,40.902,79.02,84,7,18.43,KE,1689969371
124,weno,7.4515,151.8468,78.75,100,100,0.0,FM,1689969371
125,yaring,6.8662,101.3689,77.86,87,99,5.99,TH,1689969372
126,la passe,45.5549,-0.8967,68.23,76,0,9.78,FR,1689969372
127,dunedin,-45.8742,170.5036,43.81,76,23,5.99,NZ,1689969372
128,kasungu,-13.0333,33.4833,61.36,68,2,5.28,MW,1689969373
129,port mathurin,-19.6833,63.4167,73.53,77,41,20.45,MU,1689969373
130,smithers,54.7804,-127.1743,62.92,82,100,2.3,CA,1689969373
131,afaahiti,-17.75,-149.2833,76.87,60,41,11.01,PF,1689969374
132,lebu,-37.6167,-73.65,52.9,87,100,11.23,CL,1689969375
133,new richmond,45.123,-92.5366,83.75,58,40,5.75,US,1689969375
134,jacmel,18.2342,-72.5347,98.44,70,81,9.73,HT,1689969375
135,isafjordur,66.0755,-23.124,52.23,66,93,3.98,IS,1689969376
136,sabang,5.8933,95.3214,83.46,74,100,20.09,ID,1689969376
137,newman,37.3138,-121.0208,97.14,8,0,7.25,US,1689969376
138,lianhe,47.1333,129.2667,65.26,77,100,1.68,CN,1689969377
139,hawera,-39.5917,174.2833,48.24,75,100,19.62,NZ,1689969377
140,tefe,-3.3542,-64.7114,91.51,52,40,3.44,BR,1689969377
141,amga,60.8953,131.9608,54.19,96,62,2.89,RU,1689969378
142,puerto ayora,-0.7393,-90.3518,82.36,86,73,4.0,EC,1689969378
143,ilulissat,69.2167,-51.1,42.82,93,75,0.0,GL,1689969379
144,jincheng,35.5022,112.8328,69.37,86,0,2.51,CN,1689969384
145,n'zeto,-7.2312,12.8666,70.81,89,61,8.3,AO,1689969384
146,ulsteinvik,62.3432,5.8487,59.9,83,35,10.0,NO,1689969384
147,tirhanimine,35.2362,-3.9545,84.09,39,0,5.75,MA,1689969385
148,olonkinbyen,70.9221,-8.7187,41.76,82,100,6.55,SJ,1689969385
149,contamana,-7.3333,-75.0167,89.13,47,93,1.59,PE,1689969385
150,lubumbashi,-11.6609,27.4794,62.78,46,7,3.76,CD,1689969386
151,ta`u,-14.2336,-169.5144,81.41,80,8,6.8,AS,1689969386
152,bardai,11.65,7.2333,74.37,74,100,3.65,NG,1689969386
153,ketchikan,55.3422,-131.6461,63.07,88,100,4.61,US,1689969387
154,qaqortoq,60.7167,-46.0333,46.49,88,31,3.36,GL,1689969387
155,iskateley,67.6803,53.1512,47.71,95,88,14.54,RU,1689969387
156,brookings,44.3114,-96.7984,80.11,66,40,4.61,US,1689969314
157,alofi,-19.0595,-169.9187,73.29,100,15,13.8,NU,1689969388
158,jiuquan,39.7432,98.5174,71.62,23,86,0.74,CN,1689969388
159,mahina,-17.5065,-149.489,78.57,53,20,5.75,PF,1689969388
160,kyshtovka,56.555,76.6271,60.57,93,39,4.16,RU,1689969389
161,suva,-18.1416,178.4415,67.48,94,20,0.0,FJ,1689969389
162,tofol,5.3248,163.0078,80.69,83,100,16.89,FM,1689969389
163,tebingtinggi,3.3285,99.1625,75.15,95,100,2.35,ID,1689969390
164,tukrah,32.5341,20.5791,82.18,70,0,9.78,LY,1689969390
165,laguna,38.421,-121.4238,103.17,27,0,10.36,US,1689969391
166,mulino,56.2892,42.9201,54.07,92,39,5.97,RU,1689969391
167,puerto leguizamo,-0.1934,-74.7819,78.15,83,83,2.53,CO,1689969391
168,northam,51.0333,-4.2167,60.62,81,62,10.22,GB,1689969392
169,bhiwani,28.7833,76.1333,92.84,53,100,5.84,IN,1689969392
170,sinabang,2.4803,96.3801,79.43,83,95,3.27,ID,1689969392
171,sona,45.4388,10.8255,76.44,64,40,5.75,IT,1689969392
172,taksimo,56.3444,114.8794,54.9,82,8,0.83,RU,1689969393
173,bushehr,28.9684,50.8385,87.89,74,0,4.61,IR,1689969393
174,noumea,-22.2763,166.4572,69.01,99,93,9.33,NC,1689969394
175,kununurra,-15.7667,128.7333,57.18,88,5,4.61,AU,1689969394
176,yelizovo,53.1873,158.3805,57.34,93,0,4.47,RU,1689969394
177,chui,-33.6971,-53.4616,69.01,81,1,10.69,UY,1689969263
178,okha,53.5739,142.9478,60.15,97,100,7.7,RU,1689969395
179,east london,-33.0153,27.9116,60.26,61,76,11.7,ZA,1689969395
180,san agustin acasaguastlan,14.95,-89.9667,91.71,46,48,4.21,GT,1689969396
181,nikol'sk,53.7189,46.0712,55.87,96,52,2.98,RU,1689969396
182,saipan,15.1355,145.701,83.1,100,20,10.36,MP,1689969396
183,savelugu,9.6244,-0.8253,80.08,73,77,6.53,GH,1689969397
184,lander,42.833,-108.7307,82.8,31,0,4.61,US,1689969370
185,nova sintra,14.8667,-24.7167,73.67,82,21,13.09,CV,1689969397
186,nadi,-17.8,177.4167,66.2,94,20,5.75,FJ,1689969161
187,evinayong,1.4368,10.5512,68.02,99,100,2.82,GQ,1689969398
188,singa,13.15,33.9333,85.75,53,88,12.64,SD,1689969398
189,port macquarie,-31.4333,152.9167,54.41,71,93,12.84,AU,1689969398
190,ongjin,37.9347,125.3619,73.85,76,94,6.76,KP,1689969399
191,richards bay,-28.783,32.0377,59.25,73,98,8.9,ZA,1689969399
192,qusmuryn,52.4503,64.6311,62.8,68,3,5.7,KZ,1689969399
193,daru,-9.0763,143.2092,76.73,79,94,14.58,PG,1689969400
194,la foa,-21.7108,165.8276,64.62,65,74,5.57,NC,1689969400
195,san antonio de pale,-1.4014,5.6325,74.28,71,65,10.85,GQ,1689969400
196,gadzhiyevo,69.2551,33.3362,47.62,83,100,16.67,RU,1689969401
197,pacific grove,36.6177,-121.9166,84.38,84,40,9.22,US,1689969401
198,al fallujah,33.3538,43.7795,100.29,14,0,12.5,IQ,1689969401
199,tulagi,-9.0996,160.1476,80.76,80,91,5.5,SB,1689969402
200,lukolela,-1.0605,17.1821,77.76,56,89,1.3,CD,1689969402
201,udachny,66.4167,112.4,61.45,87,100,13.0,RU,1689969402
202,lihue,21.9789,-159.3672,81.64,80,100,17.27,US,1689969402
203,buka,40.8108,69.1986,76.14,27,0,1.19,UZ,1689969403
204,gamba,-2.65,10.0,70.9,83,7,7.16,GA,1689969403
205,kapa'a,22.0752,-159.319,82.38,80,100,17.27,US,1689969404
206,qashar,53.3906,62.9297,56.98,74,20,7.76,KZ,1689969404
207,giyani,-23.3025,30.7187,55.08,89,100,6.93,ZA,1689969404
208,enewetak,11.3474,162.3373,83.17,79,92,15.68,MH,1689969405
209,badger,64.8,-147.5333,74.37,62,20,3.0,US,1689969405
210,mutuali,-14.8706,37.0044,68.04,67,77,4.59,MZ,1689969405
211,gornozavodsk,58.3758,58.3211,54.48,96,87,4.23,RU,1689969405
212,santa helena de goias,-17.8136,-50.5969,83.82,31,0,11.43,BR,1689969406
213,alexandria,31.2156,29.9553,79.34,65,0,7.34,EG,1689969406
214,vernon,50.2581,-119.2691,94.3,23,100,3.44,CA,1689969406
215,port-cartier,50.0334,-66.8654,71.82,63,100,7.85,CA,1689969407
216,port elizabeth,-33.918,25.5701,59.29,67,0,9.22,ZA,1689969322
217,kingston,17.997,-76.7936,97.25,63,20,27.63,JM,1689969407
218,itamaraca,-7.7478,-34.8256,78.85,71,4,13.58,BR,1689969407
219,hawaiian paradise park,19.5933,-154.9731,80.89,77,100,8.05,US,1689969408
220,fada n'gourma,12.0622,0.3578,86.36,54,100,2.82,BF,1689969408
221,pangkalanbuun,-2.6833,111.6167,72.12,99,89,2.71,ID,1689969408
222,kendari,-3.945,122.4989,72.41,95,2,2.68,ID,1689969409
223,letlhakeng,-24.0944,25.0298,50.86,88,18,11.92,BW,1689969409
224,crane,31.3974,-102.3501,99.3,17,39,16.64,US,1689969409
225,san luis de la loma,17.2706,-100.8939,91.08,61,17,9.44,MX,1689969410
226,arecibo,18.4724,-66.7157,89.29,76,16,1.99,PR,1689969410
227,vadso,70.0744,29.7487,47.28,93,75,16.11,NO,1689969410
228,ocean shores,46.9737,-124.1563,67.95,84,100,14.97,US,1689969206
229,nenagh,52.8619,-8.1967,56.93,95,100,10.83,IE,1689969411
230,kavalerovo,44.2661,135.0572,63.39,93,4,2.01,RU,1689969411
231,tromso,69.6496,18.957,59.38,77,75,6.91,NO,1689969411
232,cockburn town,21.4612,-71.1419,83.17,76,74,13.73,TC,1689969411
233,rongelap,11.1635,166.8941,83.52,75,100,17.67,MH,1689969412
234,avarua,-21.2078,-159.775,73.45,64,20,18.41,CK,1689969412
235,pahrump,36.2083,-115.9839,111.25,11,3,10.0,US,1689969412
236,bilibino,68.0546,166.4372,68.95,53,50,2.26,RU,1689969413
237,mana,5.6592,-53.7767,81.82,80,6,8.5,GF,1689969413
238,roswell,34.0232,-84.3616,91.27,68,0,10.36,US,1689969118
239,miquelon,47.0975,-56.3814,66.2,99,99,7.49,PM,1689969413
240,yicheng,31.3705,119.8703,78.75,86,100,4.25,CN,1689969414
241,lata,40.1629,-8.3327,67.82,79,5,5.08,PT,1689969414
242,margate,51.3813,1.3862,63.9,65,97,1.99,GB,1689969176
243,mananjary,-21.2167,48.3333,68.77,88,94,6.64,MG,1689969415
244,nandu,22.8525,110.8233,78.26,88,47,4.07,CN,1689969415
245,barreirinha,-2.7933,-57.07,90.55,46,52,6.04,BR,1689969415
246,laojunmiao,39.8333,97.7333,68.32,24,6,6.73,CN,1689969415
247,hithadhoo,-0.6,73.0833,81.55,81,76,8.66,MV,1689969416
248,malandag,6.3094,125.2428,73.44,95,100,2.17,PH,1689969416
249,castillos,-34.1667,-53.8333,71.56,76,0,10.51,UY,1689969416
250,belmonte,-15.8631,-38.8828,73.35,78,82,15.88,BR,1689969417
251,madison heights,42.4859,-83.1052,81.91,52,0,9.22,US,1689969417
252,ekibastuz,51.6667,75.3667,66.36,70,31,17.2,KZ,1689969417
253,kolyvan',55.3053,82.7391,65.82,81,100,5.19,RU,1689969417
254,new norfolk,-42.7826,147.0587,43.72,96,9,3.24,AU,1689969418
255,pokrovsk,48.282,37.1758,62.98,72,2,6.8,UA,1689969418
256,juan griego,11.0817,-63.9655,84.9,70,100,14.97,VE,1689969418
257,benjamin hill,30.1667,-111.1,97.83,29,4,1.95,MX,1689969418
258,rabaul,-4.1967,152.1721,78.75,82,92,7.67,PG,1689969419
259,mulayjah,27.271,48.4242,99.23,8,50,7.85,SA,1689969419
260,xudat,41.631,48.681,74.41,78,0,10.38,AZ,1689969420
261,constitucion,-35.3333,-72.4167,55.83,86,99,11.32,CL,1689969420
262,ramshir,30.8946,49.4092,100.15,7,0,10.63,IR,1689969420
263,la ronge,55.1001,-105.2842,75.45,43,40,11.5,CA,1689969421
264,sao vicente,-23.9631,-46.3919,80.78,46,20,4.61,BR,1689969421
265,altamira,-3.2033,-52.2064,89.69,55,40,5.75,BR,1689969422
266,mount gambier,-37.8333,140.7667,48.47,93,88,7.85,AU,1689969422
267,south molton,51.0167,-3.8333,60.03,85,71,8.52,GB,1689969423
268,arraial do cabo,-22.9661,-42.0278,71.56,68,40,18.41,BR,1689969423
269,rincon,32.296,-81.2354,96.76,44,75,16.11,US,1689969423
270,sisimiut,66.9395,-53.6735,42.64,95,100,11.32,GL,1689969424
271,choyr,46.3611,108.3611,58.21,73,99,4.54,MN,1689969424
272,san julian,21.0167,-102.1667,80.6,32,14,3.58,MX,1689969424
273,vershino-darasunskiy,52.35,115.5167,48.43,69,61,4.65,RU,1689969425
274,kudat,6.8837,116.8477,78.73,83,40,6.91,MY,1689969425
275,oriximina,-1.7656,-55.8661,81.91,66,54,4.88,BR,1689969425
276,slupsk,54.4641,17.0287,59.41,72,100,5.1,PL,1689969426
277,vorgashor,67.5833,63.95,61.39,90,46,6.44,RU,1689969426
278,ust-nera,64.5667,143.2,62.04,89,100,5.93,RU,1689969426
279,walker,30.7335,-95.5669,100.35,34,0,1.83,US,1689969426
280,sylva,58.0348,56.7635,54.77,95,92,3.18,RU,1689969427
281,al buraymi,24.2509,55.7931,101.62,27,0,10.36,OM,1689969427
282,eyl,7.9803,49.8164,81.34,71,100,31.29,SO,1689969427
283,saucillo,28.0167,-105.2833,97.65,17,100,5.46,MX,1689969428
284,azadshahr,34.7909,48.5707,77.49,21,0,4.61,IR,1689969428
285,tura,25.5198,90.2201,75.87,97,100,4.0,IN,1689969428
286,broome,42.2506,-75.833,75.42,87,20,6.91,US,1689969429
287,touros,-5.1989,-35.4608,78.22,70,0,17.45,BR,1689969429
288,nizhnyaya tavda,57.6731,66.1725,59.88,79,31,7.72,RU,1689969429
289,yuzhno-kurilsk,44.0306,145.8556,58.23,96,34,9.37,RU,1689969429
290,la'ie,21.6477,-157.9253,84.16,80,72,7.0,US,1689969430
291,sakakah,29.9697,40.2064,96.37,11,55,6.29,SA,1689969430
292,maceio,-9.6658,-35.7353,78.24,73,20,12.66,BR,1689969304
293,grantsville,40.5999,-112.4644,98.89,22,0,10.0,US,1689969436
294,barra de santo antonio,-9.4047,-35.5072,78.08,73,2,10.67,BR,1689969436
295,howrah,22.5892,88.3103,82.4,94,40,4.61,IN,1689969397
296,abu dhabi,24.4667,54.3667,95.95,72,0,6.91,AE,1689969282
297,huangmei,30.1924,116.025,76.69,96,100,2.1,CN,1689969437
298,togur,58.3631,82.8265,61.25,96,74,7.05,RU,1689969438
299,terenozek,45.05,64.9833,80.6,27,2,10.18,KZ,1689969438
300,fada,9.5667,8.3,69.42,93,100,1.72,NG,1689969438
301,turpan,42.9333,89.1667,96.51,14,100,5.28,CN,1689969439
302,petawawa,45.9001,-77.3328,66.78,87,100,17.27,CA,1689969235
303,faaa,-17.55,-149.6,78.76,53,20,5.75,PF,1689969439
304,iquique,-20.2208,-70.1431,68.04,68,10,5.82,CL,1689969439
305,usinsk,65.9939,57.5281,63.12,91,100,7.65,RU,1689969353
306,ribeira brava,32.65,-17.0667,75.7,74,7,2.89,PT,1689969440
307,suklayin,15.7574,121.5503,77.13,94,66,1.77,PH,1689969440
308,vangaindrano,-23.35,47.6,65.28,89,99,7.94,MG,1689969441
309,ribadesella,43.4614,-5.0596,65.88,82,21,3.76,ES,1689969441
310,mandera,3.9366,41.867,84.67,49,100,19.42,KE,1689969441
311,port wentworth,32.1491,-81.1632,96.91,43,75,16.11,US,1689969441
312,kavieng,-2.5744,150.7967,81.75,75,70,10.04,PG,1689969442
313,circleville,39.6006,-82.946,81.64,59,98,9.13,US,1689969442
314,lucapa,-8.4192,20.7447,76.39,24,20,3.2,AO,1689969442
315,chernyshevskiy,63.0128,112.4714,58.32,75,85,2.01,RU,1689969443
316,"laikit, laikit ii (dimembe)",1.4792,124.9735,74.25,83,20,1.14,ID,1689969443
317,cabo san lucas,22.8909,-109.9124,97.18,61,0,10.04,MX,1689969150
318,georgiyevka,43.0369,74.7114,75.24,57,0,6.71,KZ,1689969444
319,kenai,60.5544,-151.2583,62.69,72,0,8.05,US,1689969323
320,tual,-5.6667,132.75,79.68,75,90,20.15,ID,1689969444
321,fort mcmurray,56.7268,-111.381,78.39,53,0,5.75,CA,1689969445
322,ust-tsilma,65.441,52.1498,65.01,73,97,3.2,RU,1689969445
323,sungai penuh,-2.0833,101.3833,64.18,96,54,2.01,ID,1689969445
324,debre mark'os,10.35,37.7333,55.17,90,100,4.38,ET,1689969446
325,male,4.1748,73.5089,82.35,89,75,10.36,MV,1689969446
326,barbacoas,1.6715,-78.1398,91.56,56,100,5.37,CO,1689969446
327,gaiman,-43.2897,-65.4929,63.21,30,66,16.87,AR,1689969447
328,kailua-kona,19.6406,-155.9956,82.36,84,75,5.99,US,1689969339
329,salalah,17.0151,54.0924,76.6,94,100,4.92,OM,1689969447
330,cidreira,-30.1811,-50.2056,65.23,87,24,15.9,BR,1689969448
331,ghat,24.9647,10.1728,93.04,10,0,10.85,LY,1689969448
332,guangming,45.3333,122.7833,67.84,95,100,9.37,CN,1689969297
333,camabatela,-8.1881,15.375,66.16,67,100,3.09,AO,1689969448
334,pavlohrad,48.5167,35.8667,65.08,66,46,2.8,UA,1689969449
335,faya-largeau,17.9257,19.1043,93.78,31,50,5.91,TD,1689969449
336,chos malal,-37.3781,-70.2709,44.51,84,80,10.16,AR,1689969449
337,selkirk,50.1436,-96.8845,85.1,46,49,8.79,CA,1689969261
338,coquimbo,-29.9533,-71.3436,60.53,72,40,17.27,CL,1689969360
339,sandnessjoen,66.0217,12.6316,61.32,94,100,11.77,NO,1689969450
340,ad darb,17.7229,42.2526,93.69,38,93,9.1,SA,1689969450
341,prince rupert,54.3161,-130.3201,64.09,94,100,17.27,CA,1689969451
342,neftegorsk,52.802,51.166,61.36,93,100,8.25,RU,1689969451
343,cosereni,44.6833,26.5667,82.36,47,0,12.75,RO,1689969452
344,loa janan,-0.583,117.095,72.36,99,79,2.59,ID,1689969452
345,boise,43.6135,-116.2035,99.64,23,0,6.91,US,1689969362
346,yeppoon,-23.1333,150.7333,55.18,81,15,5.06,AU,1689969452
347,shizunai-furukawacho,42.3339,142.3669,62.62,87,4,4.79,JP,1689969453
348,mount isa,-20.7333,139.5,55.17,50,0,18.41,AU,1689969453
349,west bay,19.3667,-81.4167,95.07,59,20,13.8,KY,1689969453
350,veinticinco de mayo,-35.4323,-60.1727,69.98,77,100,7.0,AR,1689969454
351,tazovsky,67.4667,78.7,62.1,68,100,4.29,RU,1689969323
352,san sebastian de la gomera,28.0916,-17.1133,77.38,78,0,9.22,ES,1689969454
353,tolanaro,-25.0319,46.9987,64.47,82,40,0.0,MG,1689969455
354,bandar abbas,27.1865,56.2808,93.18,66,75,6.91,IR,1689969455
355,bovril,-31.3431,-59.4451,81.91,51,100,20.11,AR,1689969455
356,freetown,8.484,-13.2299,77.92,88,100,9.84,SL,1689969455
357,choma,-16.8065,26.9531,61.29,55,77,4.81,ZM,1689969456
358,jayapura,-2.5333,140.7,76.39,92,100,4.56,ID,1689969300
359,meizhou,24.2977,116.1072,77.94,97,100,2.59,CN,1689969456
360,santa maria del oro,25.9333,-105.3667,91.38,19,100,6.76,MX,1689969457
361,dean funes,-30.4204,-64.3498,73.6,48,100,13.15,AR,1689969457
362,peniche,39.3558,-9.3811,69.3,86,5,10.71,PT,1689969457
363,port saint john's,-31.6229,29.5448,59.16,76,58,14.12,ZA,1689969458
364,turan,16.0678,108.2208,82.38,89,20,2.3,VN,1689969458
365,bamboo flat,11.7,92.7167,77.09,94,100,5.75,IN,1689969458
366,kerikeri,-35.2268,173.9474,46.9,89,29,4.41,NZ,1689969458
367,sitka,57.0531,-135.33,60.69,88,100,0.0,US,1689969459
368,mount pearl,47.5166,-52.7813,82.74,57,20,10.36,CA,1689969459
369,shalkar,47.8288,59.6258,79.5,28,0,5.01,KZ,1689969459
370,bayanhongor,46.7167,100.1167,51.03,77,7,4.12,MN,1689969460
371,morristown,36.214,-83.2949,86.7,63,94,1.01,US,1689969460
372,ugoofaaru,5.6667,73.0,82.17,79,100,15.08,MV,1689969460
373,luanda,-8.8368,13.2343,71.6,83,20,5.75,AO,1689969241
374,aldinga beach,-35.2793,138.4604,49.66,85,73,10.83,AU,1689969461
375,cannock,52.6904,-2.0309,60.62,79,100,4.0,GB,1689969461
376,uruzgan,32.8333,66.0,80.29,19,83,0.16,AF,1689969462
377,namibe,-15.1961,12.1522,65.57,81,100,3.78,AO,1689969462
378,labrador city,52.9463,-66.9114,66.11,52,100,11.5,CA,1689969462
379,sibut,5.718,19.0739,72.57,94,89,0.83,CF,1689969462
380,severo-yeniseyskiy,60.3725,93.0408,58.41,64,41,4.83,RU,1689969463
381,port lincoln,-34.7333,135.8667,53.62,73,50,13.8,AU,1689969463
382,san matias,-16.3667,-58.4,95.68,16,0,8.43,BO,1689969463
383,puerto baquerizo moreno,-0.9,-89.6,81.59,74,75,6.91,EC,1689969464
384,vorkuta,67.5,64.0,62.28,88,28,6.11,RU,1689969464
385,langres,47.8333,5.3333,63.19,70,69,3.06,FR,1689969464
386,tubarjal,30.4999,38.216,93.34,16,0,10.4,SA,1689969464
387,goure,13.9835,10.2704,88.5,39,28,5.48,NE,1689969465
388,badagry,6.4167,2.8833,78.06,87,38,11.41,NG,1689969465
389,natal,-5.795,-35.2094,83.05,65,75,20.71,BR,1689969304
390,port alfred,-33.5906,26.891,58.17,78,99,1.99,ZA,1689969465
391,rouissat,31.9243,5.3502,109.47,9,0,6.91,DZ,1689969466
392,kampung sungai ara,5.327,100.2735,82.31,93,20,0.0,MY,1689969466
393,stranraer,54.9023,-5.0273,54.66,95,100,8.48,GB,1689969467
394,kudahuvadhoo,2.6708,72.8944,81.14,76,100,6.46,MV,1689969467
395,karagay,58.2667,54.9368,57.67,89,89,5.68,RU,1689969467
396,selfoss,63.9331,-20.9971,57.04,79,41,10.11,IS,1689969468
397,herval,-32.0236,-53.3956,70.74,81,21,8.7,BR,1689969468
398,souillac,-20.5167,57.5167,73.78,73,40,10.36,MU,1689969468
399,vilyuysk,63.7553,121.6247,53.31,82,4,3.44,RU,1689969469
400,nikolayevsk-on-amure,53.1406,140.73,67.55,97,100,2.21,RU,1689969469
401,xuddur,4.1213,43.8894,76.98,66,100,23.64,SO,1689969470
402,petukhovo,55.0692,67.9019,57.18,83,57,7.87,RU,1689969470
403,taltal,-25.4,-70.4833,64.06,77,70,6.13,CL,1689969470
404,hadibu,12.65,54.0333,78.96,80,86,22.59,YE,1689969470
405,kristiansund,63.1115,7.732,57.25,76,75,3.44,NO,1689969471
406,urzhar,47.093,81.6294,72.72,36,2,4.85,KZ,1689969471
407,las tablas,7.7667,-80.2833,88.14,67,100,8.03,PA,1689969472
408,shevchenko,48.5,35.0,66.99,58,11,5.19,UA,1689969472
409,guatrache,-37.6678,-63.5302,63.45,44,100,6.62,AR,1689969472
410,mamit,23.9333,92.4833,70.05,99,100,2.15,IN,1689969473
411,pierre,44.3683,-100.351,85.28,37,0,11.5,US,1689969300
412,glace bay,46.1969,-59.957,78.33,76,75,10.36,CA,1689969473
413,korba,22.35,82.6833,80.62,86,90,5.57,IN,1689969474
414,smara,26.7384,-11.6719,76.14,59,0,20.04,EH,1689969474
415,oum hadjer,13.2954,19.6966,90.32,48,52,6.93,TD,1689969474
416,tomakomai,42.6369,141.6033,63.18,94,40,5.75,JP,1689969474
417,old town,50.087,14.4202,67.1,87,0,3.44,CZ,1689969475
418,gasteiz / vitoria,42.85,-2.6667,62.35,77,40,9.22,ES,1689969390
419,brandon,27.9378,-82.2859,96.12,70,0,8.05,US,1689969320
420,kapuskasing,49.4169,-82.4331,69.89,52,40,8.05,CA,1689969476
421,abadeh,31.1608,52.6506,82.76,16,71,5.55,IR,1689969476
422,floro,61.5996,5.0328,58.96,67,100,8.05,NO,1689969476
423,majdanpek,44.4277,21.946,74.19,73,53,4.88,RS,1689969476
424,berezovyy,51.6667,135.7,68.34,59,97,5.41,RU,1689969477
425,hofu,34.05,131.5667,78.66,89,75,6.91,JP,1689969477
426,veracruz,19.3333,-96.6667,89.4,49,57,6.08,MX,1689969477
427,tara,56.8944,74.371,59.97,96,83,3.69,RU,1689969478
428,haridwar,29.9667,78.1667,79.86,81,100,4.5,IN,1689969478
429,san patricio,28.017,-97.5169,100.17,36,0,15.37,US,1689969478
430,benton,36.3334,-94.3335,75.02,90,100,5.75,US,1689969312
431,fort st. john,56.2499,-120.8529,71.49,60,75,4.61,CA,1689969479
432,oumache,34.6929,5.6809,107.89,9,0,4.61,DZ,1689969479
433,portland,45.5234,-122.6762,84.96,53,2,5.99,US,1689969452
434,happy valley-goose bay,53.3168,-60.3315,84.51,23,75,13.8,CA,1689969480
435,ceerigaabo,10.6162,47.368,70.43,50,41,23.13,SO,1689969480
436,tilcara,-23.5776,-65.3509,68.36,8,0,6.2,AR,1689969481
437,shar,49.5886,81.0453,73.81,49,84,5.06,KZ,1689969481
438,kimberley,-28.7323,24.7623,55.09,62,54,17.27,ZA,1689969481
439,kotzting,49.1769,12.8556,64.42,77,46,4.94,DE,1689969481
440,williamsburg,37.2707,-76.7075,89.74,66,40,12.66,US,1689969482
441,ormara,25.2088,64.6357,82.49,88,65,12.12,PK,1689969482
442,vennesla,58.2694,7.9741,57.74,61,0,9.22,NO,1689969482
443,bonthe,7.5264,-12.505,77.72,88,100,11.68,SL,1689969483
444,sur,22.5667,59.5289,87.84,62,100,8.68,OM,1689969483
445,vila franca do campo,37.7167,-25.4333,72.01,86,100,2.68,PT,1689969484
446,palmer,42.1584,-72.3287,81.45,68,75,9.22,US,1689969325
447,newport,51.5877,-2.9984,61.12,79,97,12.84,GB,1689969484
448,tazacorte,28.629,-17.9293,76.15,81,20,20.71,ES,1689969485
449,carroll,39.5501,-77.0164,86.65,58,75,9.22,US,1689969485
450,ruzayevka,54.0639,44.9509,57.34,95,69,5.41,RU,1689969485
451,caleta de carquin,-11.0925,-77.6267,70.92,72,25,11.05,PE,1689969486
452,jackson,42.4165,-122.8345,89.04,37,0,4.61,US,1689969266
453,mermoz boabab,14.7065,-17.4758,84.76,74,75,13.8,SN,1689969486
454,peniscola,40.3359,0.3613,74.34,80,57,2.75,ES,1689969487
455,garoowe,8.4054,48.4845,83.84,48,76,30.09,SO,1689969487
456,nizhniy kuranakh,58.8353,125.4869,55.6,97,99,3.56,RU,1689969487
457,winburg,-28.518,27.0093,47.03,72,87,14.2,ZA,1689969488
458,kokstad,-30.5472,29.4241,43.5,77,38,4.7,ZA,1689969488
459,rucar,45.4,25.1667,63.99,76,5,1.72,RO,1689969488
460,tabou,4.423,-7.3528,76.77,86,55,12.17,CI,1689969488
461,sao gabriel da cachoeira,-0.1303,-67.0892,89.4,70,20,8.05,BR,1689969489
462,geraldton,-28.7667,114.6,43.21,93,0,5.75,AU,1689969489
463,tarakan,3.3,117.6333,77.99,81,100,7.36,ID,1689969489
464,shingu,33.7333,135.9833,73.6,89,0,5.03,JP,1689969490
465,keren,15.7778,38.4581,72.97,75,99,7.14,ER,1689969490
466,fisterra,42.9049,-9.2629,70.75,81,4,16.51,ES,1689969490
467,mandalgovi,45.7625,106.2708,60.96,75,94,8.39,MN,1689969490
468,ambovombe,-25.1667,46.0833,65.16,67,63,16.69,MG,1689969491
469,bure,10.7,37.0667,57.63,93,100,4.99,ET,1689969491
470,wanning,18.8003,110.3967,80.51,87,15,2.33,CN,1689969491
471,talakan,50.3167,130.3667,61.29,63,81,1.21,RU,1689969492
472,paita,-5.0892,-81.1144,74.53,73,3,21.09,PE,1689969492
473,luba,3.4568,8.5547,78.69,89,100,11.34,GQ,1689969498
474,boda,4.3189,17.4695,72.64,89,100,3.09,CF,1689969498
475,lazaro cardenas,17.9583,-102.2,87.78,68,15,7.74,MX,1689969469
476,boguchany,58.3814,97.4531,60.6,62,0,3.62,RU,1689969499
477,rosalie,15.3667,-61.2667,87.35,66,20,8.05,DM,1689969499
478,cabedelo,-6.9811,-34.8339,81.27,74,0,16.98,BR,1689969499
479,el hadjira,32.6134,5.5126,105.21,9,0,9.22,DZ,1689969499
480,maumere,-8.6199,122.2111,76.03,79,31,8.46,ID,1689969500
481,roma,43.2128,-75.4557,75.72,68,75,11.5,US,1689969420
482,colonia,50.9333,6.95,64.63,65,0,9.22,DE,1689969495
483,razampeta,14.1833,79.1667,82.99,63,100,17.49,IN,1689969501
484,baile herculane,44.8797,22.4125,73.62,67,53,4.54,RO,1689969501
485,sarpol-e zahab,34.4611,45.8626,89.58,10,0,6.24,IR,1689969501
486,kollo,13.3043,2.339,81.03,44,100,2.35,NE,1689969502
487,pudasjarvi,65.3833,26.9167,53.47,97,100,2.57,FI,1689969502
488,zhangye,38.9342,100.4517,71.85,24,2,5.61,CN,1689969502
489,hami,42.8,93.45,84.13,17,11,12.12,CN,1689969503
490,petrozavodsk,61.7849,34.3469,53.06,100,100,6.71,RU,1689969503
491,zykovo,55.9519,93.1461,57.99,94,92,3.15,RU,1689969503
492,bela vista,-22.1089,-56.5211,90.82,28,1,9.62,BR,1689969504
493,hengchun,22.0042,120.7439,81.77,81,88,10.45,TW,1689969504
494,hibbing,47.4272,-92.9377,81.43,44,40,4.61,US,1689969504
495,lockwood,45.8191,-108.4149,90.41,28,20,4.61,US,1689969504
496,puerto lempira,15.2667,-83.7667,89.74,62,40,11.5,HN,1689969505
497,quimili,-27.6333,-62.4167,93.11,24,75,23.49,AR,1689969505
498,estevan,49.1334,-102.9842,82.6,34,20,8.05,CA,1689969505
499,aswan,24.0934,32.907,101.5,9,0,6.91,EG,1689969506
500,namtsy,62.7161,129.6658,56.28,60,0,11.43,RU,1689969506
501,labytnangi,66.6572,66.4183,64.78,88,100,4.7,RU,1689969506
502,gaspe,48.8334,-64.4819,75.42,64,20,12.66,CA,1689969483
503,kurumkan,54.3,110.3,59.81,62,74,3.94,RU,1689969507
504,ringkobing,56.0901,8.244,55.02,86,100,10.56,DK,1689969508
505,arkhangel'sk,64.5401,40.5433,60.01,96,100,4.5,RU,1689969407
506,broken hill,-31.95,141.4333,42.28,69,3,4.0,AU,1689969311
507,mount darwin,-16.7725,31.5838,57.67,71,11,6.4,ZW,1689969509
508,fort william,56.8165,-5.1121,56.3,85,100,3.44,GB,1689969509
509,chukhloma,58.7525,42.6825,53.04,86,14,6.93,RU,1689969509
510,el obeid,13.1842,30.2167,80.1,62,98,16.11,SD,1689969510
511,khandyga,62.6667,135.6,54.43,96,100,2.26,RU,1689969510
512,frontera,26.9333,-101.45,98.33,39,0,7.0,MX,1689969510
513,galesong,-5.3166,119.3661,75.22,83,11,8.5,ID,1689969510
514,st. john's,47.5649,-52.7093,83.59,57,20,10.36,CA,1689969511
515,dok kham tai,19.1624,99.9934,74.46,96,95,0.4,TH,1689969511
516,waingapu,-9.6567,120.2641,72.88,80,31,11.25,ID,1689969511
517,martuk,50.7475,56.5056,68.56,48,99,3.2,KZ,1689969512
518,pechora,65.1472,57.2244,60.64,90,91,3.02,RU,1689969512
519,kenora,49.8167,-94.4337,77.97,53,40,8.05,CA,1689969440
520,malvan,16.0667,73.4667,79.32,87,100,23.06,IN,1689969512
521,banamba,13.55,-7.45,81.41,64,90,11.03,ML,1689969513
522,dodoma,-6.1722,35.7395,69.71,60,0,5.75,TZ,1689969454
523,xiaoweizhai,26.1903,107.5125,72.05,99,100,3.31,CN,1689969513
524,gorele,41.0308,39.0031,71.17,80,0,4.94,TR,1689969514
525,dryden,49.7833,-92.7503,77.29,41,0,12.66,CA,1689969514
526,carnarvon,-24.8667,113.6333,58.14,35,0,22.17,AU,1689969514
527,ulladulla,-35.35,150.4667,47.16,60,65,6.24,AU,1689969515
528,paracuru,-3.41,-39.0306,82.11,62,2,14.74,BR,1689969515
529,falmouth,50.1544,-5.0711,61.7,79,40,6.91,GB,1689969515
530,santa cruz,-17.8,-63.1667,87.26,45,20,23.02,BO,1689969516
531,punta alta,-38.8759,-62.0736,60.08,52,100,8.08,AR,1689969484
532,kayyerkan,69.3786,87.7439,67.3,68,100,9.13,RU,1689969516
533,okhotsk,59.3833,143.3,55.89,93,98,5.26,RU,1689969517
534,masterton,-40.9597,175.6575,42.89,93,99,6.69,NZ,1689969517
535,walvis bay,-22.9575,14.5053,54.55,94,0,6.91,NA,1689969517
536,palikir - national government center,6.9248,158.1611,81.32,81,100,19.13,FM,1689969518
537,birao,10.2849,22.7882,79.12,71,9,3.22,CF,1689969518
538,san rafael del sur,11.8485,-86.4384,88.77,51,56,14.7,NI,1689969518
539,mersrags,57.3354,23.1246,57.38,77,8,11.56,LV,1689969519
540,childress,34.4264,-100.204,89.85,37,0,12.66,US,1689969249
541,papao,-17.75,-149.55,78.48,60,5,11.9,PF,1689969520
542,shache,38.4167,77.2406,84.7,29,73,19.48,CN,1689969520
543,flying fish cove,-10.4217,105.6791,74.88,83,75,14.97,CX,1689969520
544,bokajan,26.0167,93.7833,78.35,92,100,1.59,IN,1689969521
545,saint-pierre,-21.3393,55.4781,71.28,73,75,8.05,RE,1689969521
546,khargone,21.8167,75.6,78.71,91,100,8.81,IN,1689969521
547,villa bruzual,9.3328,-69.1208,80.92,87,100,3.04,VE,1689969522
548,merizo village,13.2658,144.6691,82.96,92,100,11.12,GU,1689969522
549,yanchep,-31.55,115.6833,53.73,87,31,5.3,AU,1689969522
550,zahedan,29.4963,60.8629,84.11,18,96,4.61,IR,1689969522
551,kuanda,56.3161,116.0806,53.85,79,18,1.23,RU,1689969523
552,chirilagua,13.2203,-88.1386,95.54,39,31,4.05,SV,1689969523
553,lodja,-3.4833,23.4333,82.31,40,76,0.72,CD,1689969523
554,toktogul,41.8708,72.9402,73.81,48,3,1.32,KG,1689969524
555,belyy yar,53.6039,91.3903,60.69,94,0,2.24,RU,1689969524
556,saint-joseph,-21.3667,55.6167,70.18,84,44,13.27,RE,1689969524
557,naters,46.3254,7.9891,66.79,94,47,5.84,CH,1689969524
558,black point,-34.6187,137.8972,50.25,87,15,11.05,AU,1689969525
559,lebyazh'ye,55.2689,66.4947,57.29,90,66,9.6,RU,1689969525
560,hobyo,5.3505,48.5268,78.48,84,100,26.06,SO,1689969525
561,gao,16.6362,1.637,93.52,35,54,16.51,ML,1689969526
562,bengkulu,-3.8004,102.2655,76.24,92,45,7.02,ID,1689969526
